<application>
  <component name="WebServers">
    <option name="servers">
      <webServer id="20fbaf9f-a481-4ee2-9237-25381a29d935" name="webprogramming" url="https://s5522735.bucomputing.uk">
        <fileTransfer accessType="SFTP" host="sftp.bucomputing.uk" port="22" sshConfigId="660698b9-97e4-4d9a-874d-c09ca9e8b029" sshConfig="s5522735@sftp.bucomputing.uk:22 password">
          <advancedOptions>
            <advancedOptions dataProtectionLevel="Private" keepAliveTimeout="0" passiveMode="true" shareSSLContext="true" />
          </advancedOptions>
        </fileTransfer>
      </webServer>
    </option>
  </component>
</application>